image_size,batch,is_validation,latency_s,memory_bytes,energy_j,profiled_flops,status
32,1,0,0.000735975999987204,17713664,0.02655418502202643,18450432,ok
32,2,0,0.001067515000045205,17824256,0.027715678310316818,36900864,ok
32,4,1,0.0009246915000176159,18045440,0.04656651718983557,73801728,ok
32,8,0,0.0031451634999939415,18487808,0.045453316953316954,147603456,ok
32,16,0,0.0014301400000249487,13793792,0.10120543806646526,295206912,ok
32,32,0,0.0010014539999474437,14907904,0.09510749185667752,590413824,ok
32,58,0,0.0019823224999981903,16718336,0.08817957746478873,1070125056,ok
32,64,0,0.0011558085000160645,17136128,0.08167895878524946,1180827648,ok
32,108,0,0.0018433689999710623,51100160,0.20255056179775283,1992646656,ok
32,128,1,0.002062703500087082,58292736,0.17860197368421052,2361655296,ok
32,139,0,0.0021990834999314757,61705216,0.19716806722689076,2564610048,ok
32,256,0,0.005956665499979863,102619648,0.29990123456790124,4723310592,ok
64,1,0,0.0011077729999442454,22919680,0.055,72861696,ok
64,2,1,0.0012423860000581044,23067136,0.08103282275711159,145723392,ok
64,4,1,0.004952581499992448,23853568,0.037689086294416245,291446784,ok
64,8,0,0.0006114949999300734,16743424,0.03608821170809944,582893568,ok
64,16,0,0.0006074169999692458,18447360,0.046079298831385646,1165787136,ok
64,32,0,0.0008555630000728343,21592576,0.06985241730279898,2331574272,ok
64,58,0,0.00119614050004202,28834304,0.1069980506822612,4225978368,ok
64,64,0,0.0013483470002029208,31160832,0.10240820734341252,4663148544,ok
64,108,0,0.004072335999921961,65462784,0.31378160919540227,7869063168,ok
64,128,0,0.00464869349991659,75594240,0.3186510067114094,9326297088,ok
64,139,0,0.005118041999935485,80493568,0.39074285714285717,10127775744,ok
64,256,0,0.009524089999899843,137222656,0.6867974683544303,18652594176,ok
80,1,0,0.0006747894999534765,23002624,0.037655055225148684,113670144,ok
80,2,1,0.000647315500032164,23233024,0.04412166962699822,227340288,ok
80,4,0,0.0006916175001379088,24185344,0.04184811237928007,454680576,ok
80,8,1,0.000876964499980204,17701888,0.047098101265822784,909361152,ok
80,16,0,0.0007891545000120459,19642880,0.05524305555555555,1818722304,ok
80,32,0,0.001122758000065005,26606080,0.08517142857142856,3637444608,ok
80,58,0,0.0021217160000333024,37921280,0.15435714285714286,6592868352,ok
80,64,0,0.002226098999926762,40532480,0.16111564625850341,7274889216,ok
80,108,0,0.007223286000112239,76411392,0.524495145631068,12276375552,ok
80,128,1,0.008172790999992685,88832512,0.5908260869565217,14549778432,ok
80,139,1,0.009081568000055995,94584832,0.6554939759036145,15800150016,ok
80,256,0,0.015920606500003487,223443456,1.1262916666666667,29099556864,ok
112,1,0,0.0008394755000153964,23223808,0.04985945945945946,222492672,ok
112,2,1,0.0007126715000822514,23675392,0.04840435176790571,444985344,ok
112,4,0,0.0006263574999820776,17648640,0.04424796747967479,889970688,ok
112,8,1,0.0007779940000318675,19503616,0.06304849884526559,1779941376,ok
112,16,0,0.0011215435000622165,26327552,0.08503220035778175,3559882752,ok
112,32,1,0.0021016935000943704,39975424,0.1615457627118644,7119765504,ok
112,58,0,0.003918999500115206,62153216,0.3219230769230769,12904574976,ok
112,64,0,0.004409098000110134,67729920,0.3475714285714286,14239531008,ok
112,108,0,0.013156631000015295,179128832,0.8151896551724138,24029208576,ok
112,128,0,0.014718900500156451,204773888,0.909,28479062016,ok
112,139,0,0.016617340500147293,226444800,1.1722826086956522,30926481408,ok
112,256,0,0.02969129849998353,395483648,2.0779615384615386,56958124032,ok
128,1,0,0.0007106575001216697,23362048,0.05384074074074074,290506752,ok
128,2,1,0.0010576445000651802,16743936,0.04667814854682454,581013504,ok
128,4,0,0.0010376064999491064,18447872,0.05847466007416564,1162027008,ok
128,8,0,0.0010456760001034127,21592576,0.06558695652173913,2324054016,ok
128,16,1,0.0013216844999988098,31160832,0.11841447368421053,4648108032,ok
128,32,0,0.0026062485000011293,48331264,0.1959045643153527,9296216064,ok
128,58,0,0.004908459500029494,77298176,0.33876978417266185,16849391616,ok
128,64,0,0.00569711000002826,118266368,0.4214765625,18592432128,ok
128,108,0,0.014313096999899244,194058752,1.0309038461538462,31374729216,ok
128,128,0,0.016511676499931127,222468608,1.1700652173913044,37184864256,ok
128,139,1,0.018232320499919297,245660160,1.1204285714285713,40380438528,ok
128,256,0,0.032931963999999425,430873088,2.3459565217391303,74369728512,ok
224,1,0,0.0006542744998796479,17649664,0.038587854251012146,889030656,ok
224,2,0,0.0006773850000172388,20258816,0.057225396825396825,1778061312,ok
224,4,0,0.0011580484999740293,26327552,0.09766363636363637,3556122624,ok
224,8,0,0.0019794800000454416,39975424,0.1858103448275862,7112245248,ok
224,16,0,0.004010641999911968,67729920,0.3041895424836601,14224490496,ok
224,32,0,0.009097878000034143,173623808,0.5664285714285714,28448980992,ok
224,58,1,0.01614746649988774,322345472,1.0003617021276596,51563778048,ok
224,64,0,0.017151231999946503,333183488,1.0814545454545454,56897961984,ok
224,108,0,0.04513890299983814,565985792,2.7589411764705885,96015310848,ok
224,128,1,0.05150406200004909,652835328,3.595466666666667,113795923968,ok
224,139,0,0.0579643539999779,723051008,4.133,123575261184,ok
224,256,0,0.10738441000000876,1290893824,6.740125,227591847936,ok
256,1,1,0.0008622545000207538,18448896,0.05861238532110092,1161086976,ok
256,2,0,0.0007460994999064496,21856768,0.05784841075794621,2322173952,ok
256,4,1,0.001334145499981787,31160832,0.10447661469933184,4644347904,ok
256,8,0,0.0028030624999928477,48331264,0.2036969696969697,9288695808,ok
256,16,0,0.005439187499973741,118266368,0.4152093023255814,18577391616,ok
256,32,0,0.010817916500059255,222468608,0.7899558823529411,37154783232,ok
256,58,0,0.019907719500110943,416717312,1.4406842105263158,67343044608,ok
256,64,1,0.021635616000025948,430873088,1.3669714285714285,74309566464,ok
256,108,0,0.05581288400003359,734042624,3.373214285714286,125397393408,ok
256,128,0,0.06407895400002417,847682048,4.550916666666667,148619132928,ok
256,139,0,0.07196023299991339,940087808,4.904,161391089664,ok
256,256,0,0.13147052249996705,1682012672,8.997166666666667,297238265856,ok
368,1,0,0.0007726029999730599,22772224,0.06743566878980892,2398943232,ok
368,2,0,0.001429164999990462,31439360,0.12729078014184397,4797886464,ok
368,4,0,0.0029398704999721303,49515008,0.2393811659192825,9595772928,ok
368,8,0,0.006240321500172286,86350336,0.4026173913043478,19191545856,ok
368,16,1,0.011660814000038044,217707008,0.8350615384615385,38383091712,ok
368,32,0,0.02274621050003134,421349888,1.4477575757575758,76766183424,ok
368,58,0,0.04175684699998783,799384064,2.54,139138707456,ok
368,64,0,0.04498304650007867,828635648,3.2159999999999997,153532366848,ok
368,108,0,0.12207440349993703,1420063232,8.677428571428571,259085869056,ok
368,128,0,0.14011895550004283,1643207168,9.0295,307064733696,ok
368,139,0,0.15724291549997815,1823206912,9.3894,333453109248,ok
368,256,0,0.28307140500010064,3272350208,20.333000000000002,614129467392,ok
384,1,0,0.0009042215000363285,22772224,0.068641059602649,2612054016,ok
384,2,0,0.0014909505000559875,32733696,0.13353562653562653,5224108032,ok
384,4,1,0.0030151619999969625,53312000,0.24303603603603605,10448216064,ok
384,8,0,0.006659418000026562,94075392,0.42269369369369364,20896432128,ok
384,16,0,0.012479815499887081,224637440,0.8779180327868852,41792864256,ok
384,32,0,0.023902564499962864,435210752,1.47675,83585728512,ok
384,58,0,0.043437981499891976,824506880,2.632388888888889,151499132928,ok
384,64,0,0.047073474500052725,856357376,3.405125,167171457024,ok
384,108,0,0.12491961699993226,1466843648,8.689857142857143,282101833728,ok
384,128,0,0.1434915770000771,1698650624,8.9915,334342914048,ok
384,139,1,0.1611863139999059,1883011584,10.8016,363075508224,ok
384,256,0,0.29354586549993655,3383237120,20.332333333333334,668685828096,ok
464,1,0,0.001075321499911297,27939328,0.08878703703703704,3813636096,ok
464,2,0,0.0021483760000364782,41959936,0.17297463768115942,7627272192,ok
464,4,0,0.004251100499914173,71240192,0.37006849315068496,15254544384,ok
464,8,0,0.010068875999991178,129800704,0.7137866666666667,30509088768,ok
464,16,1,0.017858049499977824,313553408,1.2660930232558139,61018177536,ok
464,32,0,0.035277628500011815,613042688,2.478681818181818,122036355072,ok
464,58,1,0.06531429400001798,1165517312,3.986666666666667,221190893568,ok
464,64,0,0.07080595249988164,1212021248,4.967181818181818,244072710144,ok
464,108,0,0.1856192299999293,2079486464,13.578800000000001,411872698368,ok
464,128,0,0.21316155950000848,2409978368,15.25975,488145420288,ok
464,139,0,0.2385386110000809,2670714368,17.06325,530095417344,ok
464,256,0,0.4362024585001336,4805892608,30.652,976290840576,ok
512,1,0,0.0012520840000433964,31160832,0.1005063829787234,4643407872,ok
512,2,0,0.0025997530000267943,48331264,0.19099591836734692,9286815744,ok
512,4,0,0.005850864500075659,83982848,0.42836290322580645,18573631488,ok
512,8,1,0.011715416999891204,155286016,0.830765625,37147262976,ok
512,16,1,0.0212082675000147,398684672,1.4823333333333333,74294525952,ok
512,32,0,0.0420288595000784,783305216,2.641388888888889,148589051904,ok
512,58,0,0.07753341849991102,1495923200,4.7283,269317656576,ok
512,64,0,0.08391400999994403,1552546304,6.020777777777777,297178103808,ok
512,108,0,0.2233163324999623,2668659200,13.469,501488050176,ok
512,128,0,0.2568981194999651,3091028480,18.052666666666667,594356207616,ok
512,139,0,0.28707680699994853,3428463104,17.99266666666667,645433694208,ok
512,256,0,0.520739737000099,6167992832,33.82,1188712415232,ok
